image-,label-
Stratocaster (1).jpg,Fender Stratocaster
Stratocaster (10).jpg,Fender Stratocaster
Stratocaster (100).jpg,Fender Stratocaster
Stratocaster (11).jpg,Fender Stratocaster
Stratocaster (12).jpg,Fender Stratocaster
Stratocaster (13).jpg,Fender Stratocaster
Stratocaster (14).jpg,Fender Stratocaster
Stratocaster (15).jpg,Fender Stratocaster
Stratocaster (16).jpg,Fender Stratocaster
Stratocaster (17).jpg,Fender Stratocaster
Stratocaster (18).jpg,Fender Stratocaster
Stratocaster (19).jpg,Fender Stratocaster
Stratocaster (2).jpg,Fender Stratocaster
Stratocaster (20).jpg,Fender Stratocaster
Stratocaster (21).jpg,Fender Stratocaster
Stratocaster (22).jpg,Fender Stratocaster
Stratocaster (23).jpg,Fender Stratocaster
Stratocaster (24).jpg,Fender Stratocaster
Stratocaster (25).jpg,Fender Stratocaster
Stratocaster (26).jpg,Fender Stratocaster
Stratocaster (27).jpg,Fender Stratocaster
Stratocaster (28).jpg,Fender Stratocaster
Stratocaster (29).jpg,Fender Stratocaster
Stratocaster (3).jpg,Fender Stratocaster
Stratocaster (30).jpg,Fender Stratocaster
Stratocaster (31).jpg,Fender Stratocaster
Stratocaster (32).jpg,Fender Stratocaster
Stratocaster (33).jpg,Fender Stratocaster
Stratocaster (34).jpg,Fender Stratocaster
Stratocaster (35).jpg,Fender Stratocaster
Stratocaster (36).jpg,Fender Stratocaster
Stratocaster (37).jpg,Fender Stratocaster
Stratocaster (38).jpg,Fender Stratocaster
Stratocaster (39).jpg,Fender Stratocaster
Stratocaster (4).jpg,Fender Stratocaster
Stratocaster (40).jpg,Fender Stratocaster
Stratocaster (41).jpg,Fender Stratocaster
Stratocaster (42).jpg,Fender Stratocaster
Stratocaster (43).jpg,Fender Stratocaster
Stratocaster (44).jpg,Fender Stratocaster
Stratocaster (45).jpg,Fender Stratocaster
Stratocaster (46).jpg,Fender Stratocaster
Stratocaster (47).jpg,Fender Stratocaster
Stratocaster (48).jpg,Fender Stratocaster
Stratocaster (49).jpg,Fender Stratocaster
Stratocaster (5).jpg,Fender Stratocaster
Stratocaster (50).jpg,Fender Stratocaster
Stratocaster (51).jpg,Fender Stratocaster
Stratocaster (52).jpg,Fender Stratocaster
Stratocaster (53).jpg,Fender Stratocaster
Stratocaster (54).jpg,Fender Stratocaster
Stratocaster (55).jpg,Fender Stratocaster
Stratocaster (56).jpg,Fender Stratocaster
Stratocaster (57).jpg,Fender Stratocaster
Stratocaster (58).jpg,Fender Stratocaster
Stratocaster (59).jpg,Fender Stratocaster
Stratocaster (6).jpg,Fender Stratocaster
Stratocaster (60).jpg,Fender Stratocaster
Stratocaster (61).jpg,Fender Stratocaster
Stratocaster (62).jpg,Fender Stratocaster
Stratocaster (63).jpg,Fender Stratocaster
Stratocaster (64).jpg,Fender Stratocaster
Stratocaster (65).jpg,Fender Stratocaster
Stratocaster (66).jpg,Fender Stratocaster
Stratocaster (67).jpg,Fender Stratocaster
Stratocaster (68).jpg,Fender Stratocaster
Stratocaster (69).jpg,Fender Stratocaster
Stratocaster (7).jpg,Fender Stratocaster
Stratocaster (70).jpg,Fender Stratocaster
Stratocaster (71).jpg,Fender Stratocaster
Stratocaster (72).jpg,Fender Stratocaster
Stratocaster (73).jpg,Fender Stratocaster
Stratocaster (74).jpg,Fender Stratocaster
Stratocaster (75).jpg,Fender Stratocaster
Stratocaster (76).jpg,Fender Stratocaster
Stratocaster (77).jpg,Fender Stratocaster
Stratocaster (78).jpg,Fender Stratocaster
Stratocaster (79).jpg,Fender Stratocaster
Stratocaster (8).jpg,Fender Stratocaster
Stratocaster (80).jpg,Fender Stratocaster
Stratocaster (81).jpg,Fender Stratocaster
Stratocaster (82).jpg,Fender Stratocaster
Stratocaster (83).jpg,Fender Stratocaster
Stratocaster (84).jpg,Fender Stratocaster
Stratocaster (85).jpg,Fender Stratocaster
Stratocaster (86).jpg,Fender Stratocaster
Stratocaster (87).jpg,Fender Stratocaster
Stratocaster (88).jpg,Fender Stratocaster
Stratocaster (89).jpg,Fender Stratocaster
Stratocaster (9).jpg,Fender Stratocaster
Stratocaster (90).jpg,Fender Stratocaster
Stratocaster (91).jpg,Fender Stratocaster
Stratocaster (92).jpg,Fender Stratocaster
Stratocaster (93).jpg,Fender Stratocaster
Stratocaster (94).jpg,Fender Stratocaster
Stratocaster (95).jpg,Fender Stratocaster
Stratocaster (96).jpg,Fender Stratocaster
Stratocaster (97).jpg,Fender Stratocaster
Stratocaster (98).jpg,Fender Stratocaster
Stratocaster (99).jpg,Fender Stratocaster
Telecaster (1).jpg,Fender Telecaster
Telecaster (10).jpg,Fender Telecaster
Telecaster (11).jpg,Fender Telecaster
Telecaster (12).jpg,Fender Telecaster
Telecaster (13).jpg,Fender Telecaster
Telecaster (14).jpg,Fender Telecaster
Telecaster (15).jpg,Fender Telecaster
Telecaster (16).jpg,Fender Telecaster
Telecaster (17).jpg,Fender Telecaster
Telecaster (18).jpg,Fender Telecaster
Telecaster (19).jpg,Fender Telecaster
Telecaster (2).jpg,Fender Telecaster
Telecaster (20).jpg,Fender Telecaster
Telecaster (21).jpg,Fender Telecaster
Telecaster (22).jpg,Fender Telecaster
Telecaster (23).jpg,Fender Telecaster
Telecaster (24).jpg,Fender Telecaster
Telecaster (25).jpg,Fender Telecaster
Telecaster (26).jpg,Fender Telecaster
Telecaster (27).jpg,Fender Telecaster
Telecaster (28).jpg,Fender Telecaster
Telecaster (29).jpg,Fender Telecaster
Telecaster (3).jpg,Fender Telecaster
Telecaster (30).jpg,Fender Telecaster
Telecaster (31).jpg,Fender Telecaster
Telecaster (32).jpg,Fender Telecaster
Telecaster (33).jpg,Fender Telecaster
Telecaster (34).jpg,Fender Telecaster
Telecaster (35).jpg,Fender Telecaster
Telecaster (36).jpg,Fender Telecaster
Telecaster (37).jpg,Fender Telecaster
Telecaster (38).jpg,Fender Telecaster
Telecaster (39).jpg,Fender Telecaster
Telecaster (4).jpg,Fender Telecaster
Telecaster (40).jpg,Fender Telecaster
Telecaster (41).jpg,Fender Telecaster
Telecaster (42).jpg,Fender Telecaster
Telecaster (43).jpg,Fender Telecaster
Telecaster (44).jpg,Fender Telecaster
Telecaster (45).jpg,Fender Telecaster
Telecaster (46).jpg,Fender Telecaster
Telecaster (47).jpg,Fender Telecaster
Telecaster (48).jpg,Fender Telecaster
Telecaster (49).jpg,Fender Telecaster
Telecaster (5).jpg,Fender Telecaster
Telecaster (50).jpg,Fender Telecaster
Telecaster (51).jpg,Fender Telecaster
Telecaster (52).jpg,Fender Telecaster
Telecaster (53).jpg,Fender Telecaster
Telecaster (54).jpg,Fender Telecaster
Telecaster (55).jpg,Fender Telecaster
Telecaster (56).jpg,Fender Telecaster
Telecaster (57).jpg,Fender Telecaster
Telecaster (58).jpg,Fender Telecaster
Telecaster (59).jpg,Fender Telecaster
Telecaster (6).jpg,Fender Telecaster
Telecaster (60).jpg,Fender Telecaster
Telecaster (61).jpg,Fender Telecaster
Telecaster (62).jpg,Fender Telecaster
Telecaster (63).jpg,Fender Telecaster
Telecaster (64).jpg,Fender Telecaster
Telecaster (65).jpg,Fender Telecaster
Telecaster (66).jpg,Fender Telecaster
Telecaster (67).jpg,Fender Telecaster
Telecaster (68).jpg,Fender Telecaster
Telecaster (69).jpg,Fender Telecaster
Telecaster (7).jpg,Fender Telecaster
Telecaster (70).jpg,Fender Telecaster
Telecaster (71).jpg,Fender Telecaster
Telecaster (72).jpg,Fender Telecaster
Telecaster (73).jpg,Fender Telecaster
Telecaster (74).jpg,Fender Telecaster
Telecaster (75).jpg,Fender Telecaster
Telecaster (76).jpg,Fender Telecaster
Telecaster (77).jpg,Fender Telecaster
Telecaster (78).jpg,Fender Telecaster
Telecaster (79).jpg,Fender Telecaster
Telecaster (8).jpg,Fender Telecaster
Telecaster (80).jpg,Fender Telecaster
Telecaster (81).jpg,Fender Telecaster
Telecaster (82).jpg,Fender Telecaster
Telecaster (83).jpg,Fender Telecaster
Telecaster (84).jpg,Fender Telecaster
Telecaster (85).jpg,Fender Telecaster
Telecaster (86).jpg,Fender Telecaster
Telecaster (87).jpg,Fender Telecaster
Telecaster (88).jpg,Fender Telecaster
Telecaster (89).jpg,Fender Telecaster
Telecaster (9).jpg,Fender Telecaster
Telecaster (90).jpg,Fender Telecaster
Telecaster (91).jpg,Fender Telecaster
Telecaster (92).jpg,Fender Telecaster
Telecaster (93).jpg,Fender Telecaster
Telecaster (94).jpg,Fender Telecaster
Telecaster (95).jpg,Fender Telecaster
Telecaster (96).jpg,Fender Telecaster
Telecaster (97).jpg,Fender Telecaster
Telecaster (98).jpg,Fender Telecaster
Telecaster (99).jpg,Fender Telecaster
Explorer (1).jpg,Gibson Explorer
Explorer (10).jpg,Gibson Explorer
Explorer (11).jpg,Gibson Explorer
Explorer (12).jpg,Gibson Explorer
Explorer (13).jpg,Gibson Explorer
Explorer (14).jpg,Gibson Explorer
Explorer (15).jpg,Gibson Explorer
Explorer (16).jpg,Gibson Explorer
Explorer (17).jpg,Gibson Explorer
Explorer (18).jpg,Gibson Explorer
Explorer (19).jpg,Gibson Explorer
Explorer (2).jpg,Gibson Explorer
Explorer (20).jpg,Gibson Explorer
Explorer (21).jpg,Gibson Explorer
Explorer (22).jpg,Gibson Explorer
Explorer (23).jpg,Gibson Explorer
Explorer (24).jpg,Gibson Explorer
Explorer (25).jpg,Gibson Explorer
Explorer (26).jpg,Gibson Explorer
Explorer (27).jpg,Gibson Explorer
Explorer (28).jpg,Gibson Explorer
Explorer (29).jpg,Gibson Explorer
Explorer (3).jpg,Gibson Explorer
Explorer (30).jpg,Gibson Explorer
Explorer (31).jpg,Gibson Explorer
Explorer (32).jpg,Gibson Explorer
Explorer (33).jpg,Gibson Explorer
Explorer (34).jpg,Gibson Explorer
Explorer (35).jpg,Gibson Explorer
Explorer (36).jpg,Gibson Explorer
Explorer (37).jpg,Gibson Explorer
Explorer (38).jpg,Gibson Explorer
Explorer (39).jpg,Gibson Explorer
Explorer (4).jpg,Gibson Explorer
Explorer (40).jpg,Gibson Explorer
Explorer (41).jpg,Gibson Explorer
Explorer (42).jpg,Gibson Explorer
Explorer (43).jpg,Gibson Explorer
Explorer (44).jpg,Gibson Explorer
Explorer (45).jpg,Gibson Explorer
Explorer (46).jpg,Gibson Explorer
Explorer (47).jpg,Gibson Explorer
Explorer (48).jpg,Gibson Explorer
Explorer (49).jpg,Gibson Explorer
Explorer (5).jpg,Gibson Explorer
Explorer (50).jpg,Gibson Explorer
Explorer (51).jpg,Gibson Explorer
Explorer (52).jpg,Gibson Explorer
Explorer (53).jpg,Gibson Explorer
Explorer (54).jpg,Gibson Explorer
Explorer (55).jpg,Gibson Explorer
Explorer (56).jpg,Gibson Explorer
Explorer (57).jpg,Gibson Explorer
Explorer (58).jpg,Gibson Explorer
Explorer (59).jpg,Gibson Explorer
Explorer (6).jpg,Gibson Explorer
Explorer (60).jpg,Gibson Explorer
Explorer (61).jpg,Gibson Explorer
Explorer (62).jpg,Gibson Explorer
Explorer (63).jpg,Gibson Explorer
Explorer (64).jpg,Gibson Explorer
Explorer (65).jpg,Gibson Explorer
Explorer (66).jpg,Gibson Explorer
Explorer (67).jpg,Gibson Explorer
Explorer (68).jpg,Gibson Explorer
Explorer (69).jpg,Gibson Explorer
Explorer (7).jpg,Gibson Explorer
Explorer (70).jpg,Gibson Explorer
Explorer (71).jpg,Gibson Explorer
Explorer (72).jpg,Gibson Explorer
Explorer (73).jpg,Gibson Explorer
Explorer (74).jpg,Gibson Explorer
Explorer (8).jpg,Gibson Explorer
Explorer (9).jpg,Gibson Explorer
Flying V (1).jpg,Gibson Flying V
Flying V (10).jpg,Gibson Flying V
Flying V (11).jpg,Gibson Flying V
Flying V (12).jpg,Gibson Flying V
Flying V (13).jpg,Gibson Flying V
Flying V (14).jpg,Gibson Flying V
Flying V (15).jpg,Gibson Flying V
Flying V (16).jpg,Gibson Flying V
Flying V (17).jpg,Gibson Flying V
Flying V (18).jpg,Gibson Flying V
Flying V (19).jpg,Gibson Flying V
Flying V (2).jpg,Gibson Flying V
Flying V (20).jpg,Gibson Flying V
Flying V (21).jpg,Gibson Flying V
Flying V (22).jpg,Gibson Flying V
Flying V (23).jpg,Gibson Flying V
Flying V (24).jpg,Gibson Flying V
Flying V (25).jpg,Gibson Flying V
Flying V (26).jpg,Gibson Flying V
Flying V (27).jpg,Gibson Flying V
Flying V (28).jpg,Gibson Flying V
Flying V (29).jpg,Gibson Flying V
Flying V (3).jpg,Gibson Flying V
Flying V (30).JPG,Gibson Flying V
Flying V (31).jpg,Gibson Flying V
Flying V (32).jpg,Gibson Flying V
Flying V (33).jpg,Gibson Flying V
Flying V (34).jpg,Gibson Flying V
Flying V (35).jpg,Gibson Flying V
Flying V (36).jpg,Gibson Flying V
Flying V (37).jpg,Gibson Flying V
Flying V (38).jpg,Gibson Flying V
Flying V (39).jpg,Gibson Flying V
Flying V (4).jpg,Gibson Flying V
Flying V (40).jpg,Gibson Flying V
Flying V (41).jpg,Gibson Flying V
Flying V (42).jpg,Gibson Flying V
Flying V (43).jpg,Gibson Flying V
Flying V (44).jpg,Gibson Flying V
Flying V (45).jpg,Gibson Flying V
Flying V (46).jpg,Gibson Flying V
Flying V (47).jpg,Gibson Flying V
Flying V (48).jpg,Gibson Flying V
Flying V (49).jpg,Gibson Flying V
Flying V (5).jpg,Gibson Flying V
Flying V (50).jpg,Gibson Flying V
Flying V (51).jpg,Gibson Flying V
Flying V (52).jpg,Gibson Flying V
Flying V (53).jpg,Gibson Flying V
Flying V (54).jpg,Gibson Flying V
Flying V (55).jpg,Gibson Flying V
Flying V (56).jpg,Gibson Flying V
Flying V (57).jpg,Gibson Flying V
Flying V (58).jpg,Gibson Flying V
Flying V (59).jpg,Gibson Flying V
Flying V (6).jpg,Gibson Flying V
Flying V (60).jpg,Gibson Flying V
Flying V (61).jpg,Gibson Flying V
Flying V (62).jpg,Gibson Flying V
Flying V (63).jpg,Gibson Flying V
Flying V (64).jpg,Gibson Flying V
Flying V (65).jpg,Gibson Flying V
Flying V (66).jpg,Gibson Flying V
Flying V (67).jpg,Gibson Flying V
Flying V (68).jpg,Gibson Flying V
Flying V (69).jpg,Gibson Flying V
Flying V (7).jpg,Gibson Flying V
Flying V (70).jpg,Gibson Flying V
Flying V (71).jpg,Gibson Flying V
Flying V (72).jpg,Gibson Flying V
Flying V (73).jpg,Gibson Flying V
Flying V (74).jpg,Gibson Flying V
Flying V (75).jpg,Gibson Flying V
Flying V (76).jpg,Gibson Flying V
Flying V (77).jpg,Gibson Flying V
Flying V (78).jpg,Gibson Flying V
Flying V (79).jpg,Gibson Flying V
Flying V (8).jpg,Gibson Flying V
Flying V (80).JPG,Gibson Flying V
Flying V (81).jpg,Gibson Flying V
Flying V (82).jpg,Gibson Flying V
Flying V (83).jpg,Gibson Flying V
Flying V (84).jpg,Gibson Flying V
Flying V (85).jpg,Gibson Flying V
Flying V (9).jpg,Gibson Flying V
Les Paul (1).jpg,Gibson Les Paul
Les Paul (10).jpg,Gibson Les Paul
Les Paul (100).jpg,Gibson Les Paul
Les Paul (11).jpg,Gibson Les Paul
Les Paul (12).jpg,Gibson Les Paul
Les Paul (13).jpg,Gibson Les Paul
Les Paul (14).jpg,Gibson Les Paul
Les Paul (15).jpg,Gibson Les Paul
Les Paul (16).jpg,Gibson Les Paul
Les Paul (17).jpg,Gibson Les Paul
Les Paul (18).jpg,Gibson Les Paul
Les Paul (19).jpg,Gibson Les Paul
Les Paul (2).jpg,Gibson Les Paul
Les Paul (20).jpg,Gibson Les Paul
Les Paul (21).jpg,Gibson Les Paul
Les Paul (22).jpg,Gibson Les Paul
Les Paul (23).jpg,Gibson Les Paul
Les Paul (24).jpg,Gibson Les Paul
Les Paul (25).jpg,Gibson Les Paul
Les Paul (26).jpg,Gibson Les Paul
Les Paul (27).jpg,Gibson Les Paul
Les Paul (28).jpg,Gibson Les Paul
Les Paul (29).jpg,Gibson Les Paul
Les Paul (3).jpg,Gibson Les Paul
Les Paul (30).jpg,Gibson Les Paul
Les Paul (31).jpg,Gibson Les Paul
Les Paul (32).jpg,Gibson Les Paul
Les Paul (33).jpg,Gibson Les Paul
Les Paul (34).jpg,Gibson Les Paul
Les Paul (35).jpg,Gibson Les Paul
Les Paul (36).jpg,Gibson Les Paul
Les Paul (37).jpg,Gibson Les Paul
Les Paul (38).jpg,Gibson Les Paul
Les Paul (39).jpg,Gibson Les Paul
Les Paul (4).jpg,Gibson Les Paul
Les Paul (40).jpg,Gibson Les Paul
Les Paul (41).jpg,Gibson Les Paul
Les Paul (42).jpg,Gibson Les Paul
Les Paul (43).jpg,Gibson Les Paul
Les Paul (44).jpg,Gibson Les Paul
Les Paul (45).jpg,Gibson Les Paul
Les Paul (46).jpg,Gibson Les Paul
Les Paul (47).jpg,Gibson Les Paul
Les Paul (48).jpg,Gibson Les Paul
Les Paul (49).jpg,Gibson Les Paul
Les Paul (5).jpg,Gibson Les Paul
Les Paul (50).jpg,Gibson Les Paul
Les Paul (51).jpg,Gibson Les Paul
Les Paul (52).jpg,Gibson Les Paul
Les Paul (53).jpg,Gibson Les Paul
Les Paul (54).jpg,Gibson Les Paul
Les Paul (55).jpg,Gibson Les Paul
Les Paul (56).jpg,Gibson Les Paul
Les Paul (57).jpg,Gibson Les Paul
Les Paul (58).jpg,Gibson Les Paul
Les Paul (59).jpg,Gibson Les Paul
Les Paul (6).jpg,Gibson Les Paul
Les Paul (60).jpg,Gibson Les Paul
Les Paul (61).jpg,Gibson Les Paul
Les Paul (62).jpg,Gibson Les Paul
Les Paul (63).jpg,Gibson Les Paul
Les Paul (64).jpg,Gibson Les Paul
Les Paul (65).jpg,Gibson Les Paul
Les Paul (66).jpg,Gibson Les Paul
Les Paul (67).jpg,Gibson Les Paul
Les Paul (68).jpg,Gibson Les Paul
Les Paul (69).jpg,Gibson Les Paul
Les Paul (7).jpg,Gibson Les Paul
Les Paul (70).jpg,Gibson Les Paul
Les Paul (71).jpg,Gibson Les Paul
Les Paul (72).jpg,Gibson Les Paul
Les Paul (73).jpg,Gibson Les Paul
Les Paul (74).jpg,Gibson Les Paul
Les Paul (75).jpg,Gibson Les Paul
Les Paul (76).jpg,Gibson Les Paul
Les Paul (77).jpg,Gibson Les Paul
Les Paul (78).jpg,Gibson Les Paul
Les Paul (79).jpg,Gibson Les Paul
Les Paul (8).jpg,Gibson Les Paul
Les Paul (80).jpg,Gibson Les Paul
Les Paul (81).jpg,Gibson Les Paul
Les Paul (82).jpg,Gibson Les Paul
Les Paul (83).jpg,Gibson Les Paul
Les Paul (84).jpg,Gibson Les Paul
Les Paul (85).jpg,Gibson Les Paul
Les Paul (86).jpg,Gibson Les Paul
Les Paul (87).jpg,Gibson Les Paul
Les Paul (88).jpg,Gibson Les Paul
Les Paul (89).jpg,Gibson Les Paul
Les Paul (9).jpg,Gibson Les Paul
Les Paul (90).jpg,Gibson Les Paul
Les Paul (91).jpg,Gibson Les Paul
Les Paul (92).jpg,Gibson Les Paul
Les Paul (93).jpg,Gibson Les Paul
Les Paul (94).jpg,Gibson Les Paul
Les Paul (95).jpg,Gibson Les Paul
Les Paul (96).jpg,Gibson Les Paul
Les Paul (97).jpg,Gibson Les Paul
Les Paul (98).jpg,Gibson Les Paul
Les Paul (99).jpg,Gibson Les Paul
SG (1).jpg,Gibson SG
SG (10).jpg,Gibson SG
SG (11).jpg,Gibson SG
SG (12).jpg,Gibson SG
SG (13).jpg,Gibson SG
SG (14).jpg,Gibson SG
SG (15).jpg,Gibson SG
SG (16).jpg,Gibson SG
SG (17).jpg,Gibson SG
SG (18).jpg,Gibson SG
SG (19).jpg,Gibson SG
SG (2).jpg,Gibson SG
SG (20).jpg,Gibson SG
SG (21).jpg,Gibson SG
SG (22).jpg,Gibson SG
SG (23).jpg,Gibson SG
SG (24).jpg,Gibson SG
SG (25).jpg,Gibson SG
SG (26).jpg,Gibson SG
SG (27).jpg,Gibson SG
SG (28).jpg,Gibson SG
SG (29).jpg,Gibson SG
SG (3).jpg,Gibson SG
SG (30).jpg,Gibson SG
SG (31).jpg,Gibson SG
SG (32).jpg,Gibson SG
SG (33).jpg,Gibson SG
SG (34).jpg,Gibson SG
SG (35).jpg,Gibson SG
SG (36).jpg,Gibson SG
SG (37).jpg,Gibson SG
SG (38).jpg,Gibson SG
SG (39).jpg,Gibson SG
SG (4).jpg,Gibson SG
SG (40).jpg,Gibson SG
SG (41).jpg,Gibson SG
SG (42).jpg,Gibson SG
SG (43).jpg,Gibson SG
SG (44).jpg,Gibson SG
SG (45).jpg,Gibson SG
SG (46).jpg,Gibson SG
SG (47).jpg,Gibson SG
SG (48).jpg,Gibson SG
SG (49).jpg,Gibson SG
SG (5).jpg,Gibson SG
SG (50).jpg,Gibson SG
SG (51).jpg,Gibson SG
SG (52).jpg,Gibson SG
SG (53).jpg,Gibson SG
SG (54).jpg,Gibson SG
SG (55).jpg,Gibson SG
SG (56).jpg,Gibson SG
SG (57).jpg,Gibson SG
SG (58).jpg,Gibson SG
SG (59).jpg,Gibson SG
SG (6).jpg,Gibson SG
SG (60).jpg,Gibson SG
SG (61).jpg,Gibson SG
SG (62).jpg,Gibson SG
SG (63).jpg,Gibson SG
SG (64).jpg,Gibson SG
SG (65).jpg,Gibson SG
SG (66).jpg,Gibson SG
SG (67).jpg,Gibson SG
SG (68).jpg,Gibson SG
SG (69).jpg,Gibson SG
SG (7).jpg,Gibson SG
SG (70).jpg,Gibson SG
SG (71).jpg,Gibson SG
SG (72).jpg,Gibson SG
SG (73).jpg,Gibson SG
SG (74).jpg,Gibson SG
SG (75).jpg,Gibson SG
SG (76).jpg,Gibson SG
SG (77).jpg,Gibson SG
SG (78).jpg,Gibson SG
SG (79).jpg,Gibson SG
SG (8).jpg,Gibson SG
SG (80).jpg,Gibson SG
SG (81).jpg,Gibson SG
SG (82).jpg,Gibson SG
SG (83).jpg,Gibson SG
SG (84).jpg,Gibson SG
SG (85).jpg,Gibson SG
SG (86).jpg,Gibson SG
SG (87).jpg,Gibson SG
SG (88).jpg,Gibson SG
SG (89).jpg,Gibson SG
SG (9).jpg,Gibson SG
SG (90).jpg,Gibson SG
SG (91).jpg,Gibson SG
SG (92).jpg,Gibson SG
SG (93).jpg,Gibson SG
SG (94).jpg,Gibson SG
SG (95).jpg,Gibson SG
Super Strat (1).jpg,Super Strat
Super Strat (10).jpg,Super Strat
Super Strat (100).jpg,Super Strat
Super Strat (11).jpg,Super Strat
Super Strat (12).jpg,Super Strat
Super Strat (13).jpg,Super Strat
Super Strat (14).jpg,Super Strat
Super Strat (15).jpg,Super Strat
Super Strat (16).jpg,Super Strat
Super Strat (17).jpg,Super Strat
Super Strat (18).jpg,Super Strat
Super Strat (19).jpg,Super Strat
Super Strat (2).jpg,Super Strat
Super Strat (20).jpg,Super Strat
Super Strat (21).jpg,Super Strat
Super Strat (22).jpg,Super Strat
Super Strat (23).jpg,Super Strat
Super Strat (24).jpg,Super Strat
Super Strat (25).jpg,Super Strat
Super Strat (26).jpg,Super Strat
Super Strat (27).jpg,Super Strat
Super Strat (28).jpg,Super Strat
Super Strat (29).jpg,Super Strat
Super Strat (3).jpg,Super Strat
Super Strat (30).jpg,Super Strat
Super Strat (31).jpg,Super Strat
Super Strat (32).jpg,Super Strat
Super Strat (33).jpg,Super Strat
Super Strat (34).jpg,Super Strat
Super Strat (35).jpg,Super Strat
Super Strat (36).jpg,Super Strat
Super Strat (37).jpg,Super Strat
Super Strat (38).jpg,Super Strat
Super Strat (39).jpg,Super Strat
Super Strat (4).jpg,Super Strat
Super Strat (40).jpg,Super Strat
Super Strat (41).jpg,Super Strat
Super Strat (42).jpg,Super Strat
Super Strat (43).jpg,Super Strat
Super Strat (44).jpg,Super Strat
Super Strat (45).jpg,Super Strat
Super Strat (46).jpg,Super Strat
Super Strat (47).jpg,Super Strat
Super Strat (48).jpg,Super Strat
Super Strat (49).jpg,Super Strat
Super Strat (5).jpg,Super Strat
Super Strat (50).jpg,Super Strat
Super Strat (51).jpg,Super Strat
Super Strat (52).jpg,Super Strat
Super Strat (53).jpg,Super Strat
Super Strat (54).jpg,Super Strat
Super Strat (55).jpg,Super Strat
Super Strat (56).jpg,Super Strat
Super Strat (57).jpg,Super Strat
Super Strat (58).jpg,Super Strat
Super Strat (59).jpg,Super Strat
Super Strat (6).jpg,Super Strat
Super Strat (60).jpg,Super Strat
Super Strat (61).jpg,Super Strat
Super Strat (62).jpg,Super Strat
Super Strat (63).jpg,Super Strat
Super Strat (64).jpg,Super Strat
Super Strat (65).jpg,Super Strat
Super Strat (66).jpg,Super Strat
Super Strat (67).jpg,Super Strat
Super Strat (68).jpg,Super Strat
Super Strat (69).jpg,Super Strat
Super Strat (7).jpg,Super Strat
Super Strat (70).jpg,Super Strat
Super Strat (71).jpg,Super Strat
Super Strat (72).jpg,Super Strat
Super Strat (73).jpg,Super Strat
Super Strat (74).jpg,Super Strat
Super Strat (75).jpg,Super Strat
Super Strat (76).jpg,Super Strat
Super Strat (77).jpg,Super Strat
Super Strat (78).jpg,Super Strat
Super Strat (79).jpg,Super Strat
Super Strat (8).jpg,Super Strat
Super Strat (80).jpg,Super Strat
Super Strat (81).jpg,Super Strat
Super Strat (82).jpg,Super Strat
Super Strat (83).jpg,Super Strat
Super Strat (84).jpg,Super Strat
Super Strat (85).jpg,Super Strat
Super Strat (86).jpg,Super Strat
Super Strat (87).jpg,Super Strat
Super Strat (88).jpg,Super Strat
Super Strat (89).jpg,Super Strat
Super Strat (9).jpg,Super Strat
Super Strat (90).jpg,Super Strat
Super Strat (91).jpg,Super Strat
Super Strat (92).jpg,Super Strat
Super Strat (93).jpg,Super Strat
Super Strat (94).jpg,Super Strat
Super Strat (95).jpg,Super Strat
Super Strat (96).jpg,Super Strat
Super Strat (97).jpg,Super Strat
Super Strat (98).jpg,Super Strat
Super Strat (99).jpg,Super Strat
